{"Mean":{"confidence_interval":{"confidence_level":0.95,"lower_bound":69166.76316468765,"upper_bound":73773.16201505026},"point_estimate":70761.48970910854,"standard_error":1427.4393521368156},"Median":{"confidence_interval":{"confidence_level":0.95,"lower_bound":69024.7054263566,"upper_bound":69118.1600289855},"point_estimate":69068.03633156966,"standard_error":21.212605475370857},"MedianAbsDev":{"confidence_interval":{"confidence_level":0.95,"lower_bound":136.4048396704562,"upper_bound":257.0746280372918},"point_estimate":199.31794592410353,"standard_error":33.513832859318924},"Slope":{"confidence_interval":{"confidence_level":0.95,"lower_bound":69068.8978480986,"upper_bound":69665.05489020977},"point_estimate":69292.22284084528,"standard_error":160.6588714726419},"StdDev":{"confidence_interval":{"confidence_level":0.95,"lower_bound":676.1367495735586,"upper_bound":24594.15088410362},"point_estimate":14370.519799618993,"standard_error":8500.336472957806}}