{"Mean":{"confidence_interval":{"confidence_level":0.95,"lower_bound":38137.49192051315,"upper_bound":39709.468728153006},"point_estimate":38838.12595009672,"standard_error":402.35813125776065},"Median":{"confidence_interval":{"confidence_level":0.95,"lower_bound":37098.268336314846,"upper_bound":38155.009049773755},"point_estimate":37561.416817496225,"standard_error":325.1838881287254},"MedianAbsDev":{"confidence_interval":{"confidence_level":0.95,"lower_bound":1082.1577207901234,"upper_bound":2336.4378935449636},"point_estimate":1594.089856325071,"standard_error":336.9674405781349},"Slope":{"confidence_interval":{"confidence_level":0.95,"lower_bound":37837.88610408454,"upper_bound":38927.64920964754},"point_estimate":38358.8713345307,"standard_error":278.2358831283093},"StdDev":{"confidence_interval":{"confidence_level":0.95,"lower_bound":2215.0805036981365,"upper_bound":5909.649014814271},"point_estimate":4037.789333116053,"standard_error":1056.8002524347596}}