{"Mean":{"confidence_interval":{"confidence_level":0.95,"lower_bound":36229.688677724735,"upper_bound":36390.30280438827},"point_estimate":36306.73052818598,"standard_error":40.932540643203055},"Median":{"confidence_interval":{"confidence_level":0.95,"lower_bound":36158.617965367965,"upper_bound":36301.56150793651},"point_estimate":36214.24022048364,"standard_error":32.931997567276504},"MedianAbsDev":{"confidence_interval":{"confidence_level":0.95,"lower_bound":202.37266024377266,"upper_bound":460.06069995729035},"point_estimate":267.2520314912815,"standard_error":70.4730554087731},"Slope":{"confidence_interval":{"confidence_level":0.95,"lower_bound":36403.97025292737,"upper_bound":36549.504181103606},"point_estimate":36480.20546053326,"standard_error":37.05994713128326},"StdDev":{"confidence_interval":{"confidence_level":0.95,"lower_bound":314.6393563036527,"upper_bound":506.3658669580076},"point_estimate":411.7435002626153,"standard_error":49.54150819611823}}