{"Mean":{"confidence_interval":{"confidence_level":0.95,"lower_bound":40477.03779617105,"upper_bound":42255.89429706926},"point_estimate":41273.5279713367,"standard_error":454.4316227988296},"Median":{"confidence_interval":{"confidence_level":0.95,"lower_bound":40199.302307692305,"upper_bound":41083.33583333333},"point_estimate":40645.05852753623,"standard_error":224.49167360884562},"MedianAbsDev":{"confidence_interval":{"confidence_level":0.95,"lower_bound":1302.2568423469907,"upper_bound":2435.81950806648},"point_estimate":1776.0980034368977,"standard_error":286.42940945983787},"Slope":{"confidence_interval":{"confidence_level":0.95,"lower_bound":41014.49160129294,"upper_bound":42033.145552244954},"point_estimate":41510.84480295552,"standard_error":260.56308328541274},"StdDev":{"confidence_interval":{"confidence_level":0.95,"lower_bound":2211.674017911655,"upper_bound":6568.600782890641},"point_estimate":4559.596962664233,"standard_error":1152.3649850273334}}