{"Mean":{"confidence_interval":{"confidence_level":0.95,"lower_bound":66999.30693258936,"upper_bound":67321.03322888906},"point_estimate":67137.947892715,"standard_error":83.39599545196631},"Median":{"confidence_interval":{"confidence_level":0.95,"lower_bound":66938.23157894737,"upper_bound":67063.80946405229},"point_estimate":67000.38105881511,"standard_error":31.242963917538844},"MedianAbsDev":{"confidence_interval":{"confidence_level":0.95,"lower_bound":164.1080591660253,"upper_bound":291.8128165584403},"point_estimate":224.0025756660113,"standard_error":32.340362917627864},"Slope":{"confidence_interval":{"confidence_level":0.95,"lower_bound":67023.90110643761,"upper_bound":67496.52250860147},"point_estimate":67218.4180182257,"standard_error":124.68962108472886},"StdDev":{"confidence_interval":{"confidence_level":0.95,"lower_bound":285.1827124758878,"upper_bound":1297.6777486592957},"point_estimate":838.9696294350863,"standard_error":268.91010544512227}}