{"Mean":{"confidence_interval":{"confidence_level":0.95,"lower_bound":33608.89105617626,"upper_bound":33773.45753714764},"point_estimate":33692.175787748114,"standard_error":41.75520584585688},"Median":{"confidence_interval":{"confidence_level":0.95,"lower_bound":33634.48441066923,"upper_bound":33778.890989988875},"point_estimate":33703.82219197419,"standard_error":37.145574940718866},"MedianAbsDev":{"confidence_interval":{"confidence_level":0.95,"lower_bound":209.23455406064696,"upper_bound":333.7166387305182},"point_estimate":265.81034782968845,"standard_error":30.466843872602194},"Slope":{"confidence_interval":{"confidence_level":0.95,"lower_bound":33729.4734989846,"upper_bound":33890.620808887164},"point_estimate":33805.19833920191,"standard_error":41.146174216738416},"StdDev":{"confidence_interval":{"confidence_level":0.95,"lower_bound":267.54432470686726,"upper_bound":566.2605546333672},"point_estimate":419.0682268196249,"standard_error":77.9063248279068}}